[
{
    "model": "events.event",
    "pk": 1,
    "fields": {
        "title": "Проект летних выходных «ЯРкие БЕРЕГА»",
        "date_start": "2026-06-06",
        "date_end": "2026-08-30",
        "location": "Центральная набережная, набережная за сквером Энтузиастов, парки и скверы города, Берёзовка, Солонцы",
        "description": "14 ярких мероприятий с музыкальными выступлениями, мастер-классами, фестивалями и конкурсами. Праздники развернутся на набережных, в парках и скверах. Анонсы программ можно найти в социальной сети проекта во Вконтакте накануне мероприятия.",
        "price": "Cвободный",
        "source_link": "https://vk.com/yarkiye_berega",
        "image": "events/event_1.jpg"
    }
},
{
    "model": "events.event",
    "pk": 2,
    "fields": {
        "title": "Концерты в День семьи, любви и верности",
        "date_start": "2026-07-08",
        "date_end": null,
        "location": "Малый концертный зал им. И. В. Шпиллера и Органный зал",
        "description": "В Малом концертном зале им. И. В. Шпиллера Красноярский филармонический русский оркестр выступит в дуэте со своими юными артистами — дети и родители вместе исполнят трогательные композиции о семье, любви и верности.\r\nА в Органном зале Красноярский академический симфонический оркестр представит программу «Город влюблённых людей» с изящными мелодиями Эдит Пиаф, Шарля Азнавура и Джо Дассена, а также русскими и советскими хитами.",
        "price": "Платно",
        "source_link": "https://krasfil.ru/news/117/v-den-semi-lubvi-i-vernosti-v-krasnoarskoj-filarmonii-projdut-prazdnicnye-koncerty",
        "image": "events/event_6.jpg"
    }
},
{
    "model": "events.event",
    "pk": 3,
    "fields": {
        "title": "Летний кинотеатр «Кинодворик»",
        "date_start": "2026-06-12",
        "date_end": "2026-08-21",
        "location": "Дом кино (ул. Мира, угол ул. Кирова)",
        "description": "Стартует проект «Кинодворик» — авторского проекта Дома кино. Во внутреннем дворике дореволюционных зданий на пересечении Мира и Кирова развернётся уютный кинотеатр под открытым небом с современным лазерным проектором, более чем сотней посадочных мест и площадками с едой и напитками. Каждый киновечер будет сопровождаться выступлениями музыкальных групп и лотереей.",
        "price": "Платно",
        "source_link": "https://www.admkrsk.ru/press/news/Pages/news.aspx?RecordID=28322",
        "image": "events/event_3.jpg"
    }
},
{
    "model": "events.event",
    "pk": 4,
    "fields": {
        "title": "Открытые концерты «Музыкальные пятницы»",
        "date_start": "2026-06-05",
        "date_end": "2026-08-28",
        "location": "Остров Татышев и Центральная набережная Енисея",
        "description": "Бесплатные концерты муниципальных творческих коллективов под открытым небом. Каждый июньский и августовский вечер пятницы в 19:00 лучшие городские оркестры и хоры будут радовать красноярцев классической и популярной музыкой на острове Татышев и Центральной набережной Енисея.",
        "price": "Cвободный",
        "source_link": "https://www.admkrsk.ru/press/news/Pages/news.aspx?RecordID=28286",
        "image": "events/event_4.jpg"
    }
},
{
    "model": "events.event",
    "pk": 5,
    "fields": {
        "title": "Танцы «Советская танцплощадка»",
        "date_start": "2026-06-04",
        "date_end": "2026-08-27",
        "location": "Сквер Дворца труда и согласия им. А. Н. Кузнецова",
        "description": "Каждый летний четверг в сквере Дворца труда и согласия им. А. Н. Кузнецова будет работать «Советская танцплощадка». Яркие платья, заводные ритмы и атмосфера советской эпохи создадут лёгкое, праздничное и по-настоящему тёплое настроение. Приходите танцевать, встречать друзей и проводить летние вечера ярко и весело.",
        "price": "Cвободный",
        "source_link": "https://vk.com/wall-3917270_165046",
        "image": "events/event_5.jpg"
    }
},
{
    "model": "events.event",
    "pk": 6,
    "fields": {
        "title": "III Всероссийский свадебный фестиваль",
        "date_start": "2026-07-08",
        "date_end": "2026-07-09",
        "location": "Национальный центр «Россия»",
        "description": "Гостей и участников фестиваля ждут торжественная  единовременная церемония бракосочетания, передача огня Всероссийского семейного очага «Сердце России», а также насыщенная развлекательная и просветительская программа, включающая лекции, мастер-классы, гастрономические шоу и экскурсии по выставкам центра.",
        "price": "Cвободный",
        "source_link": "https://visitsiberia.info/iii-vserossijskij-svadebnyij-festival.html",
        "image": "events/event_7.jpg"
    }
},
{
    "model": "events.event",
    "pk": 7,
    "fields": {
        "title": "Выставка «Три века русского искусства»",
        "date_start": "2026-06-26",
        "date_end": "2026-08-02",
        "location": "Красноярский художественный музей им. В. И. Сурикова (пр. Мира, 12)",
        "description": "Посетители смогут увидеть подлинники Василия Сурикова и другие сокровища музейной коллекции. Экспозиция проведет зрителей через несколько эпох — от парадных портретов и икон приенисейского письма XVIII века до шедевров передвижников, русских импрессионистов и новаторских исканий рубежа XIX–XX столетий.",
        "price": "Платно",
        "source_link": "https://surikov-museum.ru/show/tri-veka-russkogo-iskusstva",
        "image": "events/event_8.jpg"
    }
},
{
    "model": "events.event",
    "pk": 8,
    "fields": {
        "title": "Выставка «Сибирский соловей – Пётр Словцов»",
        "date_start": "2026-07-18",
        "date_end": "2026-12-20",
        "location": "Красноярский краевой краеведческий музей (ул. Дубровинского, 84)",
        "description": "Выставка к 140-летию выдающегося оперного певца. В экспозиции представлено более 300 личных вещей артиста: костюмы, ноты с авторскими пометками, пластинки, афиши и семейные фотографии из альбома его супруги Маргариты Риоли-Словцовой. Гости смогут не только увидеть воссозданную театральную сцену с видами Севильи и сценические наряды из оперы «Севильский цирюльник», но и услышать подлинный голос выдающегося певца.",
        "price": "Платно",
        "source_link": "https://www.kkkm.ru/posetitelyam/vystavki/vystavki/sibirskij-solovej-pyotr-slovcov",
        "image": "events/event_9.jpg"
    }
},
{
    "model": "users.profile",
    "pk": 1,
    "fields": {
        "user": 2,
        "avatar": "avatars/642dfa2291378399d6860b297c73c434_cgJavxr.jpg",
        "phone": "+79526661030"
    }
},
{
    "model": "users.profile",
    "pk": 2,
    "fields": {
        "user": 4,
        "avatar": "",
        "phone": "+79642853456"
    }
},
{
    "model": "users.note",
    "pk": 1,
    "fields": {
        "author": 2,
        "title": "Jeju Island Найдёнова Т.С. КИ24-10(1Б)",
        "text": "пав",
        "image": "notes/roev.jfif",
        "created_at": "2026-05-18T14:20:08.624Z",
        "removed": true
    }
},
{
    "model": "users.note",
    "pk": 2,
    "fields": {
        "author": 2,
        "title": "sdfghj",
        "text": "вапролджэждлорпавапролджэждлорпавапролдждлорпапролдждлорпаввапролджэждлорп",
        "image": "",
        "created_at": "2026-05-18T15:41:28.491Z",
        "removed": true
    }
},
{
    "model": "users.note",
    "pk": 3,
    "fields": {
        "author": 2,
        "title": "sdgfhgjhjkjhgfdfsghj,kjhgfdfghjm",
        "text": "fghjhgewrgthyjkjhgreefrghj",
        "image": "notes/5433795402755936485.jpg",
        "created_at": "2026-05-22T09:31:43.697Z",
        "removed": true
    }
},
{
    "model": "users.note",
    "pk": 4,
    "fields": {
        "author": 2,
        "title": "dgfghmjkjhgf",
        "text": "паро",
        "image": "",
        "created_at": "2026-05-22T09:31:47.727Z",
        "removed": true
    }
},
{
    "model": "users.note",
    "pk": 5,
    "fields": {
        "author": 2,
        "title": "sdfghjmjhgf",
        "text": "вапвробборпевапроорпепкацвуапрьб",
        "image": "notes/5433795402755936486.jpg",
        "created_at": "2026-05-22T09:31:59.651Z",
        "removed": true
    }
},
{
    "model": "users.note",
    "pk": 6,
    "fields": {
        "author": 2,
        "title": "sdfghjdfghmsdfghsdfghdfghn",
        "text": "вапрsdfghsdfghdfghdfghedrfghjhgfgtdsdfghjhgfdfdghhgfdssdfghjhgfdsdfghmjhgfr",
        "image": "",
        "created_at": "2026-05-22T09:32:15.663Z",
        "removed": true
    }
},
{
    "model": "users.note",
    "pk": 7,
    "fields": {
        "author": 2,
        "title": "авыф",
        "text": "павы",
        "image": "",
        "created_at": "2026-05-24T13:49:01.565Z",
        "removed": true
    }
},
{
    "model": "users.note",
    "pk": 8,
    "fields": {
        "author": 2,
        "title": "вввввввввввввввв",
        "text": "аааааааааааааааааааааааааааааааааааааааааааааааааааааааааааааааааааааааааааааааааааааааааааааааааааааааааааааааааааааааааааааааааааааааааааааааааааааааааааааааааааааааааааааааааааааааааааааааааааааааааааааааааааааааааааааааааааааааааааааааааааааааааааааааааааааааааааааааааааааааааааааааааааааааааааааааааааа",
        "image": "notes/5433795402755936403.jpg",
        "created_at": "2026-05-24T15:44:33.027Z",
        "removed": true
    }
},
{
    "model": "users.note",
    "pk": 9,
    "fields": {
        "author": 2,
        "title": "ddddddddddddddddddd",
        "text": "dddddddddddddddddddddddddddddddddddddddddddddddddddddd",
        "image": "",
        "created_at": "2026-05-24T15:57:34.500Z",
        "removed": true
    }
},
{
    "model": "users.note",
    "pk": 10,
    "fields": {
        "author": 2,
        "title": "fghjkkjhgfdsdfg",
        "text": "sdfghjhgfdfghjhgfdsdfghjsdfghjkdfghj",
        "image": "notes/5433795402755936403_jO1yUzU.jpg",
        "created_at": "2026-05-24T16:11:50.559Z",
        "removed": true
    }
},
{
    "model": "users.note",
    "pk": 11,
    "fields": {
        "author": 2,
        "title": "fggggggggggg",
        "text": "gggggggggggggggggggggggggggg",
        "image": "",
        "created_at": "2026-05-24T16:12:04.171Z",
        "removed": true
    }
},
{
    "model": "users.note",
    "pk": 12,
    "fields": {
        "author": 2,
        "title": "fffffffffffffff",
        "text": "gggggggggggggggggggggggggggg",
        "image": "notes/Профиль.png",
        "created_at": "2026-05-24T17:14:21.229Z",
        "removed": true
    }
},
{
    "model": "users.note",
    "pk": 13,
    "fields": {
        "author": 2,
        "title": "ffffffffffffffffffffffffffffffffffffffffffffffffffffffffffffffff",
        "text": "fffffffffffffffffffffffffffffffffffffffffffffffffffffffffffffffffffffffffffffffffffffffffffffffffffffffffffffffffffffffffffffffffffffffffffffffffffffffааааааааааааааааааааааааааааааааааааааааffffffffffffffffffffffffffffffffffffffffffffffffffffffffffffffffffffffffffffffffffffffffffffffffffffffffffffffffffffffffffffffff",
        "image": "",
        "created_at": "2026-05-24T17:14:48.219Z",
        "removed": true
    }
},
{
    "model": "users.note",
    "pk": 14,
    "fields": {
        "author": 2,
        "title": "вапролджэ",
        "text": "вапролл",
        "image": "notes/О_нас.png",
        "created_at": "2026-05-26T04:17:44.777Z",
        "removed": true
    }
},
{
    "model": "users.note",
    "pk": 15,
    "fields": {
        "author": 2,
        "title": "Часовня Параскевы Пятницы",
        "text": "Были там несколько раз, на заметку: вкусная шаурма продается рядом с часовней\r\n2 раза попадали туда на свадбы",
        "image": "",
        "created_at": "2026-05-26T13:58:40.729Z",
        "removed": false
    }
},
{
    "model": "users.note",
    "pk": 16,
    "fields": {
        "author": 2,
        "title": "Красноярские столбы",
        "text": "Лучший вид со столба \"Дед\".",
        "image": "",
        "created_at": "2026-05-26T14:00:31.326Z",
        "removed": false
    }
},
{
    "model": "users.note",
    "pk": 17,
    "fields": {
        "author": 2,
        "title": "Торгашинский хребет",
        "text": "Несколько раз поднимались, прекрасный вид на город",
        "image": "notes/torgash_s0MpDDM.jpg",
        "created_at": "2026-05-26T14:01:31.717Z",
        "removed": false
    }
},
{
    "model": "users.note",
    "pk": 18,
    "fields": {
        "author": 1,
        "title": "fff",
        "text": "fffffffffffff",
        "image": "notes/Rune.png",
        "created_at": "2026-06-26T04:35:41.293Z",
        "removed": true
    }
},
{
    "model": "users.note",
    "pk": 19,
    "fields": {
        "author": 1,
        "title": "Часовня Святой Великомученицы Параскевы Пятницы",
        "text": "dddddddddddddddddddddddddddddddddddddddddddddddddddddddddddddddddddddddddddddddddddddddddd",
        "image": "notes/Главная_страница_1.jpg",
        "created_at": "2026-06-26T05:00:21.335Z",
        "removed": false
    }
},
{
    "model": "users.note",
    "pk": 20,
    "fields": {
        "author": 1,
        "title": "укап",
        "text": "увкапро",
        "image": "",
        "created_at": "2026-06-26T05:09:59.598Z",
        "removed": false
    }
},
{
    "model": "users.note",
    "pk": 21,
    "fields": {
        "author": 1,
        "title": "вапро",
        "text": "sdfghjkjherftghjhgfdsdfgh",
        "image": "",
        "created_at": "2026-06-26T05:10:04.084Z",
        "removed": false
    }
},
{
    "model": "users.note",
    "pk": 22,
    "fields": {
        "author": 1,
        "title": "rtgyhjkjhew",
        "text": "erghjjhtrertyjhhtrertghjhgtrew",
        "image": "notes/Профиль_5.png",
        "created_at": "2026-06-26T05:10:10.741Z",
        "removed": false
    }
},
{
    "model": "guide.guideplace",
    "pk": 1,
    "fields": {
        "title": "Визит-центры в эко-парке «Гремячая грива»",
        "category": "visit",
        "address": "г. Красноярск, Свободный проспект, 82с1/1 Свободный проспект, 82с1/2",
        "latitude": 56.00269834856473,
        "longitude": 92.76390373050043,
        "work_time": "08:00-21:00",
        "price": "",
        "phone": "+7 (391) 927-16-55",
        "website": "",
        "short_description": "В экопарке «Гремячая грива» расположено два визит-центра: один находится у входа в парк, рядом с СФУ, а другой — ближе к «Академии биатлона». Есть шкафчики для хранения, в которых можно оставить личные вещи",
        "image": "guide/gremyachaya_griva.jpg"
    }
},
{
    "model": "guide.guideplace",
    "pk": 2,
    "fields": {
        "title": "Часовня Святой Великомученицы Параскевы Пятницы",
        "category": "religion",
        "address": "г. Красноярск, ул. Степана Разина, 51",
        "latitude": 56.02362,
        "longitude": 92.85971,
        "work_time": "Круглосуточно",
        "price": "",
        "phone": "+7 (391) 212-33-95",
        "website": "",
        "short_description": "Одна из главных достопримечательностей Красноярска и символ города, расположенный на Караульной горе. Каменная часовня была построена в 1855 году на месте старого казачьего поста. Со смотровой площадки открывается панорамный вид на Енисей, центр города и правый берег. Рядом находится парк «Покровский» с прогулочными зонами и местами отдыха.",
        "image": "guide/chasovnya.jpg"
    }
},
{
    "model": "guide.guideplace",
    "pk": 3,
    "fields": {
        "title": "Парк флоры и фауны «Роев ручей»",
        "category": "nature",
        "address": "Красноярск, ул. Свердловская, 293",
        "latitude": 55.96736464150128,
        "longitude": 92.73452577027453,
        "work_time": "09:00-22:00 (выходные: 09:00-23:00)",
        "price": "Дети — от 400 ₽, Взрослые — от 600 ₽",
        "phone": "+7 (391) 229-90-64",
        "website": "https://roev.ru",
        "short_description": "Один из крупнейших зоопарков России, расположенный рядом с национальным парком «Красноярские Столбы». В «Роевом ручье» представлены сотни видов животных со всего мира, включая жирафов, белых медведей, львов, пингвинов, рептилий и редких птиц. На территории находятся акватеррариум, тематические зоны, прогулочные аллеи и смотровые площадки.",
        "image": "guide/roev_ruchey.jpg"
    }
},
{
    "model": "guide.guideplace",
    "pk": 4,
    "fields": {
        "title": "Красноярский театр оперы и балета им. Д. А. Хворостовского",
        "category": "culture",
        "address": "г. Красноярск, ул. Перенсона, 2",
        "latitude": 56.008856279404995,
        "longitude": 92.87007119603159,
        "work_time": "Ежедневно: 10:00–20:00 (обед с 14:00 до 14:30)",
        "price": "От 300 ₽",
        "phone": "+7 (391) 227-86-97",
        "website": "https://krasopera.ru",
        "short_description": "Один из крупнейших музыкальных театров Сибири, основанный в 1976 году. Театр известен масштабными постановками оперы и балета, современной сценографией и большим репертуаром — от классических произведений Чайковского, Верди и Моцарта до современных спектаклей и иммерсивных проектов. На сцене проходят оперы, балеты, концерты, детские постановки и международные фестивали. Театр носит имя всемирно известного оперного певца Дмитрия Хворостовского и считается одним из главных культурных центров Красноярска.",
        "image": "guide/teatr.jpg"
    }
},
{
    "model": "guide.guideplace",
    "pk": 5,
    "fields": {
        "title": "Татышев-парк",
        "category": "nature",
        "address": "г. Красноярск, о. Татышев",
        "latitude": 56.026729,
        "longitude": 92.940554,
        "work_time": "",
        "price": "",
        "phone": "+7 (391) 204-12-02",
        "website": "",
        "short_description": "Одна из главных зон отдыха Красноярска, расположенная на острове посреди Енисея. Татышев-парк сочетает природные ландшафты и современную инфраструктуру для активного отдыха. На территории находятся велодорожки, беговые маршруты, спортивные площадки, пляжные зоны, прокат велосипедов, роликов и другого инвентаря. Летом здесь проходят фестивали, концерты и городские мероприятия, а зимой работают лыжные трассы и самый большой каток Красноярска. Особой особенностью острова считаются суслики, ставшие одним из символов парка.",
        "image": "guide/Tatka.jpg"
    }
},
{
    "model": "guide.guideplace",
    "pk": 6,
    "fields": {
        "title": "Визит-центр «Серебряный лог»",
        "category": "visit",
        "address": "г. Красноярск, ул. Лесная, 100 г",
        "latitude": 55.992377,
        "longitude": 92.699068,
        "work_time": "09:00-21:00",
        "price": "",
        "phone": "+7 (950) 408-51-70",
        "website": "",
        "short_description": "На площадке присутствуют: \r\n— прогулочные тропы разного уровня сложности;\r\n— зона отдыха с шезлонгами у пруда;\r\n— интерактивные экскурсии в традиционных жилищах народов Енисейской Сибири — чуме и юрте;\r\n— кафе;\r\n— библиотека с книгами о Енисейской Сибири;\r\n— сувенирная лавочка;\r\n— туалетные комнаты с пеленальным столиком.",
        "image": "guide/serebryanyy_log.jpg"
    }
},
{
    "model": "guide.guideplace",
    "pk": 7,
    "fields": {
        "title": "Визит-центр на стадионе «Динамо»",
        "category": "visit",
        "address": "г. Красноярск, ул. Ленинградская, 5а/с1",
        "latitude": 55.999729,
        "longitude": 92.783038,
        "work_time": "09:00-21:00",
        "price": "",
        "phone": "",
        "website": "",
        "short_description": "В визит-центре имеются:\r\n— шкафчики для хранения личных вещей, раздевалки\r\n—  зона для перекуса\r\n— прокат беговых лыж\r\n— электронная стойка с маршрутами\r\n— комната матери и ребенка",
        "image": "guide/dinamo_vc.jpg"
    }
},
{
    "model": "guide.guideplace",
    "pk": 8,
    "fields": {
        "title": "Визит-центр у Восточного входа на Столбы",
        "category": "visit",
        "address": "г. Красноярск, ул. Базайская, 232а",
        "latitude": 55.950698,
        "longitude": 92.811466,
        "work_time": "08:00-20:00",
        "price": "",
        "phone": "+7 (908) 023-71-91",
        "website": "",
        "short_description": "На территории располагается: \r\n— комната матери и ребёнка, туалетные комнаты \r\n— родник Моховой\r\n— парковка\r\n— рядом с карьером находятся амфитеатр и смотровая площадка, с которой открывается  вид на скалу Такмак\r\n— интерактивный экологический лабиринт и информационные стенды\r\n— игровая площадка со сказочным деревянным домиком и крылатыми качелями",
        "image": "guide/vostochny_vhod.jpg"
    }
},
{
    "model": "guide.guideplace",
    "pk": 9,
    "fields": {
        "title": "Визит-центр на Караульной горе",
        "category": "visit",
        "address": "г. Красноярск, ул. Степана Разина, 51/1",
        "latitude": 56.023464,
        "longitude": 92.859756,
        "work_time": "Будни: 10:00-19:00, Пт-Сб: 10:00-22:00",
        "price": "",
        "phone": "",
        "website": "",
        "short_description": "Визит-центр предлагает:\r\n— зону отдыха\r\n— кофе-станцию и автоматы со снеками\r\n— сувенирную лавку\r\n— туалеты и комнату матери и ребёнка.",
        "image": "guide/karau_naya_gora.jpg"
    }
},
{
    "model": "guide.guideplace",
    "pk": 10,
    "fields": {
        "title": "Храм Преображения Господня (Органный зал)",
        "category": "religion",
        "address": "г. Красноярск, ул. Декабристов, 20",
        "latitude": 56.007588,
        "longitude": 92.847409,
        "work_time": "11:00-19:00 (перерыв 14:00-15:00)",
        "price": "Билеты можно купить на сайте",
        "phone": "+7 (391) 221-05-66",
        "website": "https://krasfil.ru/events",
        "short_description": "Католический храм и концертный зал, построенный в 1911 году в псевдоготическом стиле по проекту архитектора Владимира Соколовского. Органный зал Красноярской филармонии известен своим духовым органом чешской фирмы «Rieger-Kloss», установленным в 1983 году. Здание является одной из самых узнаваемых архитектурных достопримечательностей города и местом проведения органных концертов и фестивалей.",
        "image": "guide/preobrazheniya.jpg"
    }
},
{
    "model": "guide.guideplace",
    "pk": 11,
    "fields": {
        "title": "Кафедральный собор Покрова Пресвятой Богородицы",
        "category": "religion",
        "address": "г. Красноярск, ул. Сурикова, 26",
        "latitude": 56.012809,
        "longitude": 92.876759,
        "work_time": "08:00-19:00",
        "price": "",
        "phone": "+7 (391) 212-33-95",
        "website": "",
        "short_description": "Памятник архитектуры XVIII века и старейшее сохранившееся каменное здание Красноярска. Покровский собор построен в стиле сибирского барокко и является кафедральным храмом Красноярской епархии. Храм известен своей историей, архитектурой и богатым внутренним убранством.",
        "image": "guide/pokrovsky.jpg"
    }
},
{
    "model": "guide.guideplace",
    "pk": 12,
    "fields": {
        "title": "Благовещенский женский монастырь",
        "category": "religion",
        "address": "г. Красноярск, ул. Ленина, 15",
        "latitude": 56.01407,
        "longitude": 92.88634,
        "work_time": "07:00-19:00",
        "price": "",
        "phone": "+7 (391) 227-22-60",
        "website": "",
        "short_description": "Православный женский монастырь, основанный в 1995 году при храме Благовещения Пресвятой Богородицы. Исторический каменный храм был построен в 1804–1822 годах и считается одним из старейших храмов Красноярска. На территории монастыря находятся святыни, часовня и восстановленные монастырские корпуса.",
        "image": "guide/blagoveshchensky.jpg"
    }
},
{
    "model": "guide.guideplace",
    "pk": 13,
    "fields": {
        "title": "Свято-Троицкий собор",
        "category": "religion",
        "address": "г. Красноярск, ул. Игарская, 6",
        "latitude": 56.02056,
        "longitude": 92.88694,
        "work_time": "Пн-Сб: 07:30-18:00, Вс: 07:30-17:00",
        "price": "",
        "phone": "+7-906-911-60-50",
        "website": "",
        "short_description": "Один из старейших православных храмов Красноярска, построенный в 1836–1848 годах в стиле классицизма. Собор расположен на территории Троицкого кладбища и имеет большое историческое и духовное значение для города. В советские годы оставался единственным действующим православным храмом Красноярска. В архитектуре собора сохранились черты русского классицизма XIX века.",
        "image": "guide/troitsky.jpg"
    }
},
{
    "model": "guide.guideplace",
    "pk": 14,
    "fields": {
        "title": "Национальный парк «Красноярские Столбы»",
        "category": "nature",
        "address": "г. Красноярск, ул. Карьерная, 26А",
        "latitude": 55.87,
        "longitude": 92.46,
        "work_time": "",
        "price": "",
        "phone": "+7 (913) 830-52-03",
        "website": "",
        "short_description": "Одна из самых известных природных достопримечательностей Красноярска и символ сибирской природы. Национальный парк знаменит величественными скалами причудливой формы, возраст которых достигает сотен миллионов лет. Среди тайги расположены популярные туристические тропы, смотровые площадки и знаменитые скалы — «Перья», «Дед», «Такмак», «Львиные ворота» и другие. «Красноярские Столбы» известны уникальной атмосферой, живописными видами и особой культурой столбизма.",
        "image": "guide/stolby.jpg"
    }
},
{
    "model": "guide.guideplace",
    "pk": 15,
    "fields": {
        "title": "Экопарк Гремячая грива",
        "category": "nature",
        "address": "г. Красноярск, Октябрьский район",
        "latitude": 55.997713,
        "longitude": 92.752032,
        "work_time": "",
        "price": "",
        "phone": "",
        "website": "",
        "short_description": "Крупный эко-парк Красноярска, расположенный среди леса и сопок рядом с городом. Пространство объединяет природные маршруты, смотровые площадки и зоны отдыха. Парк подходит для прогулок, занятий спортом и отдыха на природе. «Гремячая грива» известна длинными деревянными тропами, видами на Красноярск и атмосферой сибирской тайги прямо в городской черте.",
        "image": "guide/gremyachaya_griva_park.jpg"
    }
},
{
    "model": "guide.guideplace",
    "pk": 16,
    "fields": {
        "title": "Фанпарк «Бобровый лог»",
        "category": "nature",
        "address": "г. Красноярск, ул. Сибирская, 92",
        "latitude": 55.9583,
        "longitude": 92.7944,
        "work_time": "10:00–20:00",
        "price": "От 400 ₽",
        "phone": "+7 (391) 256-86-86",
        "website": "https://bobrovylog.ru",
        "short_description": "Всесезонный парк спорта и отдыха, расположенный у подножия национального парка «Красноярские Столбы». Зимой «Бобровый лог» превращается в один из главных горнолыжных комплексов Красноярска с трассами разного уровня, прокатом оборудования и занятиями с инструкторами. Летом здесь работают канатно-кресельная дорога, байк-парк, скалодром, качели над облаками и экстремальный аттракцион «Родельбан». Для семейного отдыха предусмотрены детское пространство Taiga Kids, зоны отдыха, кафе, SPA-центр «Тайга» и площадки для мероприятий и праздников.",
        "image": "guide/bobrovy_log.jpg"
    }
},
{
    "model": "guide.guideplace",
    "pk": 17,
    "fields": {
        "title": "Красноярский краевой краеведческий музей",
        "category": "culture",
        "address": "г. Красноярск, ул. Дубровинского, 84",
        "latitude": 56.0072,
        "longitude": 92.8725,
        "work_time": "Вт-Вс: 10:00-18:00, Чт: 10:00-21:00, Пн — выходной",
        "price": "Дети — от 150 ₽, Взрослые — от 200 ₽",
        "phone": "+7 (391) 227-92-04",
        "website": "https://www.kkkm.ru",
        "short_description": "Один из старейших и крупнейших музеев Сибири, основанный в 1889 году. Здание музея считается одной из архитектурных достопримечательностей Красноярска благодаря необычному оформлению с элементами древнеегипетского стиля. В экспозициях представлены археологические находки, культура народов Севера и Сибири, история освоения Енисейского края, редкие природные коллекции и экспонаты, связанные с жизнью Красноярского края. В музее также работают планетарий, временные выставки, экскурсионные программы и интерактивные пространства.",
        "image": "guide/kraevedchesky_muzey.jpg"
    }
},
{
    "model": "guide.guideplace",
    "pk": 18,
    "fields": {
        "title": "Красноярский Биг-Бен",
        "category": "culture",
        "address": "г. Красноярск, ул. Карла Маркса, 93",
        "latitude": 56.0094,
        "longitude": 92.8724,
        "work_time": "",
        "price": "",
        "phone": "",
        "website": "",
        "short_description": "Знаменитая часовая башня на здании администрации Красноярска, ставшая одним из символов центра города. Архитектурный объект выполнен по мотивам лондонского Биг-Бена и особенно выделяется в вечернее время благодаря подсветке и крупным светящимся циферблатам. Высота башни составляет около 30 метров, а бой курантов и праздничные мелодии давно стали узнаваемой частью городской атмосферы.",
        "image": "guide/big_ben.jpg"
    }
},
{
    "model": "guide.guideplace",
    "pk": 19,
    "fields": {
        "title": "Красноярская краевая филармония",
        "category": "culture",
        "address": "г. Красноярск, пр. Мира, 2Б",
        "latitude": 56.0124375,
        "longitude": 92.8948569,
        "work_time": "Кассы: 11:00–20:00",
        "price": "От 300 ₽",
        "phone": "+7 (391) 227-49-30",
        "website": "https://krasfil.ru",
        "short_description": "Концертный комплекс на Театральной площади, где проходят выступления оркестров, сольные концерты, музыкальные фестивали, лекции и спектакли. В состав филармонии входят Большой концертный зал, Органный зал, Камерный зал и другие площадки с разным форматом мероприятий. Здесь выступают Красноярский академический симфонический оркестр, камерные ансамбли и приглашённые артисты.",
        "image": "guide/filarmonia.jpg"
    }
},
{
    "model": "guide.guideplace",
    "pk": 20,
    "fields": {
        "title": "Проспект Мира",
        "category": "culture",
        "address": "г. Красноярск, проспект Мира",
        "latitude": 56.011666,
        "longitude": 92.863855,
        "work_time": "",
        "price": "",
        "phone": "",
        "website": "",
        "short_description": "Главная историческая улица Красноярска и один из самых узнаваемых городских проспектов. Здесь сохранились купеческие особняки, старинные здания XIX–XX веков, театры, музеи, кафе и архитектурные памятники разных эпох. Проспект Мира считается центром городской жизни и прогулочной частью города, где сочетаются историческая застройка, современные пространства и атмосфера старого Красноярска.",
        "image": "guide/prospekt_mira.jpg"
    }
},
{
    "model": "guide.guideplace",
    "pk": 21,
    "fields": {
        "title": "Красноярский драматический театр им. А. С. Пушкина",
        "category": "culture",
        "address": "г. Красноярск, пр. Мира, 73",
        "latitude": 56.011421,
        "longitude": 92.865524,
        "work_time": "Касса: 10:00–21:00",
        "price": "От 100 ₽",
        "phone": "+7 (391) 222-38-22",
        "website": "https://sibdrama.ru/#",
        "short_description": "Один из самых известных театров Красноярска с историей более 140 лет. Сегодня театр известен не только классическими постановками, но и современными интерпретациями известных произведений, экспериментальными спектаклями и проектами для молодой аудитории. На сценах театра идут драмы, комедии, пластические постановки и авторские переосмысления классики в современном формате.",
        "image": "guide/pushkin_theater.jpg"
    }
},
{
    "model": "favorites.favorite",
    "pk": 9,
    "fields": {
        "user": 2,
        "guide": 1,
        "created_at": "2026-05-22T05:25:35.790Z"
    }
},
{
    "model": "favorites.favorite",
    "pk": 10,
    "fields": {
        "user": 2,
        "guide": 2,
        "created_at": "2026-05-22T05:25:36.555Z"
    }
},
{
    "model": "favorites.favorite",
    "pk": 11,
    "fields": {
        "user": 2,
        "guide": 4,
        "created_at": "2026-05-22T07:20:22.433Z"
    }
},
{
    "model": "favorites.favorite",
    "pk": 12,
    "fields": {
        "user": 2,
        "guide": 3,
        "created_at": "2026-05-22T09:20:28.094Z"
    }
},
{
    "model": "favorites.favorite",
    "pk": 14,
    "fields": {
        "user": 2,
        "guide": 5,
        "created_at": "2026-05-26T01:07:09.129Z"
    }
},
{
    "model": "favorites.favorite",
    "pk": 30,
    "fields": {
        "user": 1,
        "guide": 1,
        "created_at": "2026-07-04T09:52:51.827Z"
    }
},
{
    "model": "favorites.favorite",
    "pk": 31,
    "fields": {
        "user": 1,
        "guide": 2,
        "created_at": "2026-07-04T09:52:53.814Z"
    }
},
{
    "model": "favorites.favorite",
    "pk": 32,
    "fields": {
        "user": 1,
        "guide": 3,
        "created_at": "2026-07-04T09:52:55.004Z"
    }
},
{
    "model": "favorites.favorite",
    "pk": 33,
    "fields": {
        "user": 1,
        "guide": 6,
        "created_at": "2026-07-04T09:52:55.898Z"
    }
},
{
    "model": "favorites.favorite",
    "pk": 34,
    "fields": {
        "user": 1,
        "guide": 8,
        "created_at": "2026-07-04T09:52:56.814Z"
    }
},
{
    "model": "favorites.favorite",
    "pk": 35,
    "fields": {
        "user": 1,
        "guide": 9,
        "created_at": "2026-07-04T09:52:58.434Z"
    }
},
{
    "model": "favorites.favorite",
    "pk": 36,
    "fields": {
        "user": 4,
        "guide": 1,
        "created_at": "2026-07-04T10:20:57.821Z"
    }
},
{
    "model": "favorites.favorite",
    "pk": 37,
    "fields": {
        "user": 1,
        "guide": 4,
        "created_at": "2026-07-04T14:27:51.683Z"
    }
},
{
    "model": "favorites.favorite",
    "pk": 38,
    "fields": {
        "user": 1,
        "guide": 17,
        "created_at": "2026-07-04T14:28:04.792Z"
    }
},
{
    "model": "tours.tour",
    "pk": 12,
    "fields": {
        "user": 1,
        "title": "С друзьями с 10:00",
        "created_at": "2026-05-22T03:21:21.768Z"
    }
},
{
    "model": "tours.tour",
    "pk": 17,
    "fields": {
        "user": 2,
        "title": "Тур 1",
        "created_at": "2026-05-22T06:55:39.491Z"
    }
},
{
    "model": "tours.tour",
    "pk": 18,
    "fields": {
        "user": 2,
        "title": "Тур 2",
        "created_at": "2026-05-22T07:50:58.589Z"
    }
},
{
    "model": "tours.tourplace",
    "pk": 27,
    "fields": {
        "tour": 17,
        "place": 4,
        "created_at": "2026-05-22T07:20:24.481Z"
    }
},
{
    "model": "tours.tourplace",
    "pk": 28,
    "fields": {
        "tour": 18,
        "place": 1,
        "created_at": "2026-05-22T07:51:11.174Z"
    }
},
{
    "model": "tours.tourplace",
    "pk": 29,
    "fields": {
        "tour": 17,
        "place": 3,
        "created_at": "2026-05-22T09:20:45.551Z"
    }
},
{
    "model": "tours.tourplace",
    "pk": 30,
    "fields": {
        "tour": 17,
        "place": 2,
        "created_at": "2026-05-26T00:53:34.246Z"
    }
},
{
    "model": "tours.tourplace",
    "pk": 31,
    "fields": {
        "tour": 17,
        "place": 1,
        "created_at": "2026-05-26T00:53:42.692Z"
    }
},
{
    "model": "tours.tourplace",
    "pk": 32,
    "fields": {
        "tour": 17,
        "place": 5,
        "created_at": "2026-05-26T01:07:30.901Z"
    }
},
{
    "model": "tours.tourplace",
    "pk": 33,
    "fields": {
        "tour": 18,
        "place": 2,
        "created_at": "2026-05-26T04:20:33.398Z"
    }
},
{
    "model": "tours.tourplace",
    "pk": 39,
    "fields": {
        "tour": 12,
        "place": 1,
        "created_at": "2026-06-25T18:25:31.481Z"
    }
},
{
    "model": "tours.tourplace",
    "pk": 40,
    "fields": {
        "tour": 12,
        "place": 5,
        "created_at": "2026-06-25T18:25:47.815Z"
    }
},
{
    "model": "tours.tourplace",
    "pk": 44,
    "fields": {
        "tour": 12,
        "place": 2,
        "created_at": "2026-07-04T14:04:46.257Z"
    }
},
{
    "model": "tours.tourplace",
    "pk": 47,
    "fields": {
        "tour": 12,
        "place": 9,
        "created_at": "2026-07-04T14:24:54.442Z"
    }
},
{
    "model": "tours.tourplace",
    "pk": 52,
    "fields": {
        "tour": 12,
        "place": 4,
        "created_at": "2026-07-04T14:29:00.142Z"
    }
},
{
    "model": "admin.logentry",
    "pk": 1,
    "fields": {
        "action_time": "2026-05-18T13:41:21.854Z",
        "user": 1,
        "content_type": 1,
        "object_id": "1",
        "object_repr": "День города Красноярска",
        "action_flag": 1,
        "change_message": "[{\"added\": {}}]"
    }
},
{
    "model": "admin.logentry",
    "pk": 2,
    "fields": {
        "action_time": "2026-05-18T13:43:30.977Z",
        "user": 1,
        "content_type": 1,
        "object_id": "2",
        "object_repr": "Международный фестиваль этнической музыки и ремёсел «МИР Сибири»",
        "action_flag": 1,
        "change_message": "[{\"added\": {}}]"
    }
},
{
    "model": "admin.logentry",
    "pk": 3,
    "fields": {
        "action_time": "2026-05-18T13:46:45.830Z",
        "user": 1,
        "content_type": 1,
        "object_id": "3",
        "object_repr": "Фестиваль экстрима «Высота 517» ТИЦ Красноярского края.",
        "action_flag": 1,
        "change_message": "[{\"added\": {}}]"
    }
},
{
    "model": "admin.logentry",
    "pk": 4,
    "fields": {
        "action_time": "2026-05-18T13:48:28.670Z",
        "user": 1,
        "content_type": 1,
        "object_id": "4",
        "object_repr": "Международный чемпионат по робототехнике «Красноярск 7.0»",
        "action_flag": 1,
        "change_message": "[{\"added\": {}}]"
    }
},
{
    "model": "admin.logentry",
    "pk": 5,
    "fields": {
        "action_time": "2026-05-18T13:49:35.245Z",
        "user": 1,
        "content_type": 4,
        "object_id": "1",
        "object_repr": "Визит-центры в эко-парке «Гремячая грива»",
        "action_flag": 1,
        "change_message": "[{\"added\": {}}]"
    }
},
{
    "model": "admin.logentry",
    "pk": 6,
    "fields": {
        "action_time": "2026-05-18T13:53:20.449Z",
        "user": 1,
        "content_type": 4,
        "object_id": "2",
        "object_repr": "Часовня Святой Великомученицы Параскевы Пятницы",
        "action_flag": 1,
        "change_message": "[{\"added\": {}}]"
    }
},
{
    "model": "admin.logentry",
    "pk": 7,
    "fields": {
        "action_time": "2026-05-18T13:56:48.612Z",
        "user": 1,
        "content_type": 4,
        "object_id": "3",
        "object_repr": "Парк флоры и фауны «Роев ручей»",
        "action_flag": 1,
        "change_message": "[{\"added\": {}}]"
    }
},
{
    "model": "admin.logentry",
    "pk": 8,
    "fields": {
        "action_time": "2026-05-18T13:59:58.454Z",
        "user": 1,
        "content_type": 4,
        "object_id": "4",
        "object_repr": "Театр оперы и балета",
        "action_flag": 1,
        "change_message": "[{\"added\": {}}]"
    }
},
{
    "model": "admin.logentry",
    "pk": 9,
    "fields": {
        "action_time": "2026-05-22T03:14:12.306Z",
        "user": 1,
        "content_type": 4,
        "object_id": "1",
        "object_repr": "Визит-центры в эко-парке «Гремячая грива»",
        "action_flag": 2,
        "change_message": "[{\"changed\": {\"fields\": [\"\\u0428\\u0438\\u0440\\u043e\\u0442\\u0430\", \"\\u0414\\u043e\\u043b\\u0433\\u043e\\u0442\\u0430\"]}}]"
    }
},
{
    "model": "admin.logentry",
    "pk": 10,
    "fields": {
        "action_time": "2026-05-22T03:17:18.159Z",
        "user": 1,
        "content_type": 4,
        "object_id": "2",
        "object_repr": "Часовня Святой Великомученицы Параскевы Пятницы",
        "action_flag": 2,
        "change_message": "[{\"changed\": {\"fields\": [\"\\u0428\\u0438\\u0440\\u043e\\u0442\\u0430\", \"\\u0414\\u043e\\u043b\\u0433\\u043e\\u0442\\u0430\"]}}]"
    }
},
{
    "model": "admin.logentry",
    "pk": 11,
    "fields": {
        "action_time": "2026-05-22T03:19:24.413Z",
        "user": 1,
        "content_type": 4,
        "object_id": "3",
        "object_repr": "Парк флоры и фауны «Роев ручей»",
        "action_flag": 2,
        "change_message": "[{\"changed\": {\"fields\": [\"\\u0428\\u0438\\u0440\\u043e\\u0442\\u0430\", \"\\u0414\\u043e\\u043b\\u0433\\u043e\\u0442\\u0430\"]}}]"
    }
},
{
    "model": "admin.logentry",
    "pk": 12,
    "fields": {
        "action_time": "2026-05-22T03:19:59.788Z",
        "user": 1,
        "content_type": 4,
        "object_id": "4",
        "object_repr": "Театр оперы и балета",
        "action_flag": 2,
        "change_message": "[{\"changed\": {\"fields\": [\"\\u0428\\u0438\\u0440\\u043e\\u0442\\u0430\", \"\\u0414\\u043e\\u043b\\u0433\\u043e\\u0442\\u0430\"]}}]"
    }
},
{
    "model": "admin.logentry",
    "pk": 13,
    "fields": {
        "action_time": "2026-05-26T01:04:17.579Z",
        "user": 1,
        "content_type": 4,
        "object_id": "5",
        "object_repr": "Татышев-парк",
        "action_flag": 1,
        "change_message": "[{\"added\": {}}]"
    }
},
{
    "model": "admin.logentry",
    "pk": 14,
    "fields": {
        "action_time": "2026-07-03T06:18:58.044Z",
        "user": 1,
        "content_type": 1,
        "object_id": "5",
        "object_repr": "Визит-центры в эко-парке «Гремячая грива»",
        "action_flag": 1,
        "change_message": "[{\"added\": {}}]"
    }
},
{
    "model": "admin.logentry",
    "pk": 15,
    "fields": {
        "action_time": "2026-07-03T07:12:51.951Z",
        "user": 1,
        "content_type": 1,
        "object_id": "6",
        "object_repr": "Часовня Святой Великомученицы Параскевы Пятницы",
        "action_flag": 1,
        "change_message": "[{\"added\": {}}]"
    }
},
{
    "model": "admin.logentry",
    "pk": 16,
    "fields": {
        "action_time": "2026-07-03T07:13:22.643Z",
        "user": 1,
        "content_type": 1,
        "object_id": "7",
        "object_repr": "Jeju Island",
        "action_flag": 1,
        "change_message": "[{\"added\": {}}]"
    }
},
{
    "model": "admin.logentry",
    "pk": 17,
    "fields": {
        "action_time": "2026-07-03T07:14:10.593Z",
        "user": 1,
        "content_type": 1,
        "object_id": "8",
        "object_repr": "ACMP96",
        "action_flag": 1,
        "change_message": "[{\"added\": {}}]"
    }
},
{
    "model": "admin.logentry",
    "pk": 18,
    "fields": {
        "action_time": "2026-07-03T07:15:41.734Z",
        "user": 1,
        "content_type": 1,
        "object_id": "9",
        "object_repr": "Визит-центры в эко-парке «Гремячая грива»",
        "action_flag": 1,
        "change_message": "[{\"added\": {}}]"
    }
},
{
    "model": "admin.logentry",
    "pk": 19,
    "fields": {
        "action_time": "2026-07-03T18:10:43.536Z",
        "user": 1,
        "content_type": 4,
        "object_id": "5",
        "object_repr": "Татышев-парк",
        "action_flag": 2,
        "change_message": "[]"
    }
},
{
    "model": "admin.logentry",
    "pk": 20,
    "fields": {
        "action_time": "2026-07-04T03:52:39.480Z",
        "user": 1,
        "content_type": 4,
        "object_id": "1",
        "object_repr": "Визит-центры в эко-парке «Гремячая грива»",
        "action_flag": 2,
        "change_message": "[{\"changed\": {\"fields\": [\"\\u0422\\u0435\\u043b\\u0435\\u0444\\u043e\\u043d\", \"\\u041a\\u0440\\u0430\\u0442\\u043a\\u043e\\u0435 \\u043e\\u043f\\u0438\\u0441\\u0430\\u043d\\u0438\\u0435\"]}}]"
    }
},
{
    "model": "admin.logentry",
    "pk": 21,
    "fields": {
        "action_time": "2026-07-04T03:52:57.794Z",
        "user": 1,
        "content_type": 4,
        "object_id": "1",
        "object_repr": "Визит-центры в эко-парке «Гремячая грива»",
        "action_flag": 2,
        "change_message": "[]"
    }
},
{
    "model": "admin.logentry",
    "pk": 22,
    "fields": {
        "action_time": "2026-07-04T05:52:15.410Z",
        "user": 1,
        "content_type": 4,
        "object_id": "6",
        "object_repr": "Визит-центр «Серебряный лог»",
        "action_flag": 1,
        "change_message": "[{\"added\": {}}]"
    }
},
{
    "model": "admin.logentry",
    "pk": 23,
    "fields": {
        "action_time": "2026-07-04T05:52:36.472Z",
        "user": 1,
        "content_type": 4,
        "object_id": "1",
        "object_repr": "Визит-центры в эко-парке «Гремячая грива»",
        "action_flag": 2,
        "change_message": "[{\"changed\": {\"fields\": [\"\\u0424\\u043e\\u0442\\u043e\"]}}]"
    }
},
{
    "model": "admin.logentry",
    "pk": 24,
    "fields": {
        "action_time": "2026-07-04T05:57:03.617Z",
        "user": 1,
        "content_type": 4,
        "object_id": "7",
        "object_repr": "Визит-центр на стадионе «Динамо»",
        "action_flag": 1,
        "change_message": "[{\"added\": {}}]"
    }
},
{
    "model": "admin.logentry",
    "pk": 25,
    "fields": {
        "action_time": "2026-07-04T06:04:43.601Z",
        "user": 1,
        "content_type": 4,
        "object_id": "8",
        "object_repr": "Визит-центр у Восточного входа на Столбы",
        "action_flag": 1,
        "change_message": "[{\"added\": {}}]"
    }
},
{
    "model": "admin.logentry",
    "pk": 26,
    "fields": {
        "action_time": "2026-07-04T06:07:41.508Z",
        "user": 1,
        "content_type": 4,
        "object_id": "9",
        "object_repr": "Визит-центр на Караульной горе",
        "action_flag": 1,
        "change_message": "[{\"added\": {}}]"
    }
},
{
    "model": "admin.logentry",
    "pk": 27,
    "fields": {
        "action_time": "2026-07-04T06:10:23.436Z",
        "user": 1,
        "content_type": 4,
        "object_id": "1",
        "object_repr": "Визит-центры в эко-парке «Гремячая грива»",
        "action_flag": 2,
        "change_message": "[{\"changed\": {\"fields\": [\"\\u0410\\u0434\\u0440\\u0435\\u0441\"]}}]"
    }
},
{
    "model": "admin.logentry",
    "pk": 28,
    "fields": {
        "action_time": "2026-07-04T06:10:40.962Z",
        "user": 1,
        "content_type": 4,
        "object_id": "9",
        "object_repr": "Визит-центр на Караульной горе",
        "action_flag": 2,
        "change_message": "[{\"changed\": {\"fields\": [\"\\u0410\\u0434\\u0440\\u0435\\u0441\"]}}]"
    }
},
{
    "model": "admin.logentry",
    "pk": 29,
    "fields": {
        "action_time": "2026-07-04T06:11:03.384Z",
        "user": 1,
        "content_type": 4,
        "object_id": "8",
        "object_repr": "Визит-центр у Восточного входа на Столбы",
        "action_flag": 2,
        "change_message": "[{\"changed\": {\"fields\": [\"\\u0410\\u0434\\u0440\\u0435\\u0441\"]}}]"
    }
},
{
    "model": "admin.logentry",
    "pk": 30,
    "fields": {
        "action_time": "2026-07-04T06:11:22.673Z",
        "user": 1,
        "content_type": 4,
        "object_id": "7",
        "object_repr": "Визит-центр на стадионе «Динамо»",
        "action_flag": 2,
        "change_message": "[{\"changed\": {\"fields\": [\"\\u0410\\u0434\\u0440\\u0435\\u0441\"]}}]"
    }
},
{
    "model": "admin.logentry",
    "pk": 31,
    "fields": {
        "action_time": "2026-07-04T06:11:33.671Z",
        "user": 1,
        "content_type": 4,
        "object_id": "6",
        "object_repr": "Визит-центр «Серебряный лог»",
        "action_flag": 2,
        "change_message": "[{\"changed\": {\"fields\": [\"\\u0410\\u0434\\u0440\\u0435\\u0441\"]}}]"
    }
},
{
    "model": "admin.logentry",
    "pk": 32,
    "fields": {
        "action_time": "2026-07-04T06:22:58.512Z",
        "user": 1,
        "content_type": 4,
        "object_id": "2",
        "object_repr": "Часовня Святой Великомученицы Параскевы Пятницы",
        "action_flag": 2,
        "change_message": "[{\"changed\": {\"fields\": [\"\\u0410\\u0434\\u0440\\u0435\\u0441\", \"\\u0428\\u0438\\u0440\\u043e\\u0442\\u0430\", \"\\u0414\\u043e\\u043b\\u0433\\u043e\\u0442\\u0430\", \"\\u0427\\u0430\\u0441\\u044b \\u0440\\u0430\\u0431\\u043e\\u0442\\u044b\", \"\\u0421\\u0442\\u043e\\u0438\\u043c\\u043e\\u0441\\u0442\\u044c\", \"\\u041a\\u0440\\u0430\\u0442\\u043a\\u043e\\u0435 \\u043e\\u043f\\u0438\\u0441\\u0430\\u043d\\u0438\\u0435\"]}}]"
    }
},
{
    "model": "admin.logentry",
    "pk": 33,
    "fields": {
        "action_time": "2026-07-04T06:27:52.773Z",
        "user": 1,
        "content_type": 4,
        "object_id": "10",
        "object_repr": "Храм Преображения Господня (Органный зал)",
        "action_flag": 1,
        "change_message": "[{\"added\": {}}]"
    }
},
{
    "model": "admin.logentry",
    "pk": 34,
    "fields": {
        "action_time": "2026-07-04T06:32:03.913Z",
        "user": 1,
        "content_type": 4,
        "object_id": "11",
        "object_repr": "Кафедральный собор Покрова Пресвятой Богородицы",
        "action_flag": 1,
        "change_message": "[{\"added\": {}}]"
    }
},
{
    "model": "admin.logentry",
    "pk": 35,
    "fields": {
        "action_time": "2026-07-04T06:35:06.047Z",
        "user": 1,
        "content_type": 4,
        "object_id": "12",
        "object_repr": "Благовещенский женский монастырь",
        "action_flag": 1,
        "change_message": "[{\"added\": {}}]"
    }
},
{
    "model": "admin.logentry",
    "pk": 36,
    "fields": {
        "action_time": "2026-07-04T06:38:18.185Z",
        "user": 1,
        "content_type": 4,
        "object_id": "13",
        "object_repr": "Свято-Троицкий собор",
        "action_flag": 1,
        "change_message": "[{\"added\": {}}]"
    }
},
{
    "model": "admin.logentry",
    "pk": 37,
    "fields": {
        "action_time": "2026-07-04T06:50:48.378Z",
        "user": 1,
        "content_type": 4,
        "object_id": "3",
        "object_repr": "Парк флоры и фауны «Роев ручей»",
        "action_flag": 2,
        "change_message": "[{\"changed\": {\"fields\": [\"\\u0410\\u0434\\u0440\\u0435\\u0441\", \"\\u0427\\u0430\\u0441\\u044b \\u0440\\u0430\\u0431\\u043e\\u0442\\u044b\", \"\\u0421\\u0442\\u043e\\u0438\\u043c\\u043e\\u0441\\u0442\\u044c\", \"\\u0422\\u0435\\u043b\\u0435\\u0444\\u043e\\u043d\", \"\\u0421\\u0430\\u0439\\u0442\", \"\\u041a\\u0440\\u0430\\u0442\\u043a\\u043e\\u0435 \\u043e\\u043f\\u0438\\u0441\\u0430\\u043d\\u0438\\u0435\", \"\\u0424\\u043e\\u0442\\u043e\"]}}]"
    }
},
{
    "model": "admin.logentry",
    "pk": 38,
    "fields": {
        "action_time": "2026-07-04T06:53:52.154Z",
        "user": 1,
        "content_type": 4,
        "object_id": "14",
        "object_repr": "Национальный парк «Красноярские Столбы»",
        "action_flag": 1,
        "change_message": "[{\"added\": {}}]"
    }
},
{
    "model": "admin.logentry",
    "pk": 39,
    "fields": {
        "action_time": "2026-07-04T06:56:45.783Z",
        "user": 1,
        "content_type": 4,
        "object_id": "15",
        "object_repr": "Экопарк Гремячая грива",
        "action_flag": 1,
        "change_message": "[{\"added\": {}}]"
    }
},
{
    "model": "admin.logentry",
    "pk": 40,
    "fields": {
        "action_time": "2026-07-04T06:58:21.264Z",
        "user": 1,
        "content_type": 4,
        "object_id": "5",
        "object_repr": "Татышев-парк",
        "action_flag": 2,
        "change_message": "[{\"changed\": {\"fields\": [\"\\u0410\\u0434\\u0440\\u0435\\u0441\", \"\\u0427\\u0430\\u0441\\u044b \\u0440\\u0430\\u0431\\u043e\\u0442\\u044b\", \"\\u0421\\u0442\\u043e\\u0438\\u043c\\u043e\\u0441\\u0442\\u044c\", \"\\u0422\\u0435\\u043b\\u0435\\u0444\\u043e\\u043d\", \"\\u041a\\u0440\\u0430\\u0442\\u043a\\u043e\\u0435 \\u043e\\u043f\\u0438\\u0441\\u0430\\u043d\\u0438\\u0435\"]}}]"
    }
},
{
    "model": "admin.logentry",
    "pk": 41,
    "fields": {
        "action_time": "2026-07-04T07:28:13.435Z",
        "user": 1,
        "content_type": 4,
        "object_id": "16",
        "object_repr": "Фанпарк «Бобровый лог»",
        "action_flag": 1,
        "change_message": "[{\"added\": {}}]"
    }
},
{
    "model": "admin.logentry",
    "pk": 42,
    "fields": {
        "action_time": "2026-07-04T07:30:21.476Z",
        "user": 1,
        "content_type": 4,
        "object_id": "4",
        "object_repr": "Красноярский театр оперы и балета им. Д. А. Хворостовского",
        "action_flag": 2,
        "change_message": "[{\"changed\": {\"fields\": [\"\\u041d\\u0430\\u0437\\u0432\\u0430\\u043d\\u0438\\u0435\", \"\\u0410\\u0434\\u0440\\u0435\\u0441\", \"\\u0427\\u0430\\u0441\\u044b \\u0440\\u0430\\u0431\\u043e\\u0442\\u044b\", \"\\u0421\\u0442\\u043e\\u0438\\u043c\\u043e\\u0441\\u0442\\u044c\", \"\\u0422\\u0435\\u043b\\u0435\\u0444\\u043e\\u043d\", \"\\u0421\\u0430\\u0439\\u0442\", \"\\u041a\\u0440\\u0430\\u0442\\u043a\\u043e\\u0435 \\u043e\\u043f\\u0438\\u0441\\u0430\\u043d\\u0438\\u0435\"]}}]"
    }
},
{
    "model": "admin.logentry",
    "pk": 43,
    "fields": {
        "action_time": "2026-07-04T07:34:56.177Z",
        "user": 1,
        "content_type": 4,
        "object_id": "17",
        "object_repr": "Красноярский краевой краеведческий музей",
        "action_flag": 1,
        "change_message": "[{\"added\": {}}]"
    }
},
{
    "model": "admin.logentry",
    "pk": 44,
    "fields": {
        "action_time": "2026-07-04T07:35:58.536Z",
        "user": 1,
        "content_type": 4,
        "object_id": "18",
        "object_repr": "Красноярский Биг-Бен",
        "action_flag": 1,
        "change_message": "[{\"added\": {}}]"
    }
},
{
    "model": "admin.logentry",
    "pk": 45,
    "fields": {
        "action_time": "2026-07-04T07:39:45.613Z",
        "user": 1,
        "content_type": 4,
        "object_id": "19",
        "object_repr": "Красноярская краевая филармония",
        "action_flag": 1,
        "change_message": "[{\"added\": {}}]"
    }
},
{
    "model": "admin.logentry",
    "pk": 46,
    "fields": {
        "action_time": "2026-07-04T07:41:34.232Z",
        "user": 1,
        "content_type": 4,
        "object_id": "20",
        "object_repr": "Проспект Мира",
        "action_flag": 1,
        "change_message": "[{\"added\": {}}]"
    }
},
{
    "model": "admin.logentry",
    "pk": 47,
    "fields": {
        "action_time": "2026-07-04T07:44:40.694Z",
        "user": 1,
        "content_type": 4,
        "object_id": "21",
        "object_repr": "Красноярский драматический театр им. А. С. Пушкина",
        "action_flag": 1,
        "change_message": "[{\"added\": {}}]"
    }
},
{
    "model": "admin.logentry",
    "pk": 48,
    "fields": {
        "action_time": "2026-07-04T07:46:22.696Z",
        "user": 1,
        "content_type": 1,
        "object_id": "9",
        "object_repr": "Визит-центры в эко-парке «Гремячая грива»",
        "action_flag": 3,
        "change_message": ""
    }
},
{
    "model": "admin.logentry",
    "pk": 49,
    "fields": {
        "action_time": "2026-07-04T07:46:22.696Z",
        "user": 1,
        "content_type": 1,
        "object_id": "8",
        "object_repr": "ACMP96",
        "action_flag": 3,
        "change_message": ""
    }
},
{
    "model": "admin.logentry",
    "pk": 50,
    "fields": {
        "action_time": "2026-07-04T07:46:22.696Z",
        "user": 1,
        "content_type": 1,
        "object_id": "7",
        "object_repr": "Jeju Island",
        "action_flag": 3,
        "change_message": ""
    }
},
{
    "model": "admin.logentry",
    "pk": 51,
    "fields": {
        "action_time": "2026-07-04T07:46:22.696Z",
        "user": 1,
        "content_type": 1,
        "object_id": "6",
        "object_repr": "Часовня Святой Великомученицы Параскевы Пятницы",
        "action_flag": 3,
        "change_message": ""
    }
},
{
    "model": "admin.logentry",
    "pk": 52,
    "fields": {
        "action_time": "2026-07-04T07:46:22.696Z",
        "user": 1,
        "content_type": 1,
        "object_id": "5",
        "object_repr": "Визит-центры в эко-парке «Гремячая грива»",
        "action_flag": 3,
        "change_message": ""
    }
},
{
    "model": "admin.logentry",
    "pk": 53,
    "fields": {
        "action_time": "2026-07-04T08:12:33.525Z",
        "user": 1,
        "content_type": 1,
        "object_id": "1",
        "object_repr": "проект летних выходных «ЯРкие БЕРЕГА»",
        "action_flag": 1,
        "change_message": "[{\"added\": {}}]"
    }
},
{
    "model": "admin.logentry",
    "pk": 54,
    "fields": {
        "action_time": "2026-07-04T08:15:31.183Z",
        "user": 1,
        "content_type": 1,
        "object_id": "2",
        "object_repr": "Премьера оперы «Тэа»",
        "action_flag": 1,
        "change_message": "[{\"added\": {}}]"
    }
},
{
    "model": "admin.logentry",
    "pk": 55,
    "fields": {
        "action_time": "2026-07-04T08:17:46.423Z",
        "user": 1,
        "content_type": 1,
        "object_id": "3",
        "object_repr": "Летний кинотеатр «Кинодворик»",
        "action_flag": 1,
        "change_message": "[{\"added\": {}}]"
    }
},
{
    "model": "admin.logentry",
    "pk": 56,
    "fields": {
        "action_time": "2026-07-04T08:19:12.597Z",
        "user": 1,
        "content_type": 1,
        "object_id": "4",
        "object_repr": "Открытые концерты «Музыкальные пятницы»",
        "action_flag": 1,
        "change_message": "[{\"added\": {}}]"
    }
},
{
    "model": "admin.logentry",
    "pk": 57,
    "fields": {
        "action_time": "2026-07-04T08:21:10.244Z",
        "user": 1,
        "content_type": 1,
        "object_id": "5",
        "object_repr": "Танцы «Советская танцплощадка»",
        "action_flag": 1,
        "change_message": "[{\"added\": {}}]"
    }
},
{
    "model": "admin.logentry",
    "pk": 58,
    "fields": {
        "action_time": "2026-07-04T08:25:57.241Z",
        "user": 1,
        "content_type": 1,
        "object_id": "2",
        "object_repr": "Концерты в День семьи, любви и верности",
        "action_flag": 2,
        "change_message": "[{\"changed\": {\"fields\": [\"\\u041d\\u0430\\u0437\\u0432\\u0430\\u043d\\u0438\\u0435 \\u0441\\u043e\\u0431\\u044b\\u0442\\u0438\\u044f\", \"\\u0414\\u0430\\u0442\\u0430 \\u043d\\u0430\\u0447\\u0430\\u043b\\u0430\", \"\\u041c\\u0435\\u0441\\u0442\\u043e \\u043f\\u0440\\u043e\\u0432\\u0435\\u0434\\u0435\\u043d\\u0438\\u044f\", \"\\u041e\\u043f\\u0438\\u0441\\u0430\\u043d\\u0438\\u0435 \\u0441\\u043e\\u0431\\u044b\\u0442\\u0438\\u044f\", \"\\u0421\\u0441\\u044b\\u043b\\u043a\\u0430 \\u043d\\u0430 \\u0438\\u0441\\u0442\\u043e\\u0447\\u043d\\u0438\\u043a\", \"\\u0424\\u043e\\u0442\\u043e \\u0441\\u043e\\u0431\\u044b\\u0442\\u0438\\u044f\"]}}]"
    }
},
{
    "model": "admin.logentry",
    "pk": 59,
    "fields": {
        "action_time": "2026-07-04T08:27:15.417Z",
        "user": 1,
        "content_type": 1,
        "object_id": "6",
        "object_repr": "III Всероссийский свадебный фестиваль",
        "action_flag": 1,
        "change_message": "[{\"added\": {}}]"
    }
},
{
    "model": "admin.logentry",
    "pk": 60,
    "fields": {
        "action_time": "2026-07-04T08:28:53.338Z",
        "user": 1,
        "content_type": 1,
        "object_id": "7",
        "object_repr": "Выставка «Три века русского искусства»",
        "action_flag": 1,
        "change_message": "[{\"added\": {}}]"
    }
},
{
    "model": "admin.logentry",
    "pk": 61,
    "fields": {
        "action_time": "2026-07-04T08:29:16.899Z",
        "user": 1,
        "content_type": 1,
        "object_id": "6",
        "object_repr": "III Всероссийский свадебный фестиваль",
        "action_flag": 2,
        "change_message": "[{\"changed\": {\"fields\": [\"\\u0421\\u0442\\u043e\\u0438\\u043c\\u043e\\u0441\\u0442\\u044c\"]}}]"
    }
},
{
    "model": "admin.logentry",
    "pk": 62,
    "fields": {
        "action_time": "2026-07-04T08:29:23.329Z",
        "user": 1,
        "content_type": 1,
        "object_id": "5",
        "object_repr": "Танцы «Советская танцплощадка»",
        "action_flag": 2,
        "change_message": "[{\"changed\": {\"fields\": [\"\\u0421\\u0442\\u043e\\u0438\\u043c\\u043e\\u0441\\u0442\\u044c\"]}}]"
    }
},
{
    "model": "admin.logentry",
    "pk": 63,
    "fields": {
        "action_time": "2026-07-04T08:29:27.968Z",
        "user": 1,
        "content_type": 1,
        "object_id": "4",
        "object_repr": "Открытые концерты «Музыкальные пятницы»",
        "action_flag": 2,
        "change_message": "[{\"changed\": {\"fields\": [\"\\u0421\\u0442\\u043e\\u0438\\u043c\\u043e\\u0441\\u0442\\u044c\"]}}]"
    }
},
{
    "model": "admin.logentry",
    "pk": 64,
    "fields": {
        "action_time": "2026-07-04T08:29:32.828Z",
        "user": 1,
        "content_type": 1,
        "object_id": "3",
        "object_repr": "Летний кинотеатр «Кинодворик»",
        "action_flag": 2,
        "change_message": "[{\"changed\": {\"fields\": [\"\\u0421\\u0442\\u043e\\u0438\\u043c\\u043e\\u0441\\u0442\\u044c\"]}}]"
    }
},
{
    "model": "admin.logentry",
    "pk": 65,
    "fields": {
        "action_time": "2026-07-04T08:29:36.632Z",
        "user": 1,
        "content_type": 1,
        "object_id": "3",
        "object_repr": "Летний кинотеатр «Кинодворик»",
        "action_flag": 2,
        "change_message": "[]"
    }
},
{
    "model": "admin.logentry",
    "pk": 66,
    "fields": {
        "action_time": "2026-07-04T08:29:41.894Z",
        "user": 1,
        "content_type": 1,
        "object_id": "2",
        "object_repr": "Концерты в День семьи, любви и верности",
        "action_flag": 2,
        "change_message": "[{\"changed\": {\"fields\": [\"\\u0421\\u0442\\u043e\\u0438\\u043c\\u043e\\u0441\\u0442\\u044c\"]}}]"
    }
},
{
    "model": "admin.logentry",
    "pk": 67,
    "fields": {
        "action_time": "2026-07-04T08:29:45.117Z",
        "user": 1,
        "content_type": 1,
        "object_id": "2",
        "object_repr": "Концерты в День семьи, любви и верности",
        "action_flag": 2,
        "change_message": "[]"
    }
},
{
    "model": "admin.logentry",
    "pk": 68,
    "fields": {
        "action_time": "2026-07-04T08:29:59.075Z",
        "user": 1,
        "content_type": 1,
        "object_id": "1",
        "object_repr": "Проект летних выходных «ЯРкие БЕРЕГА»",
        "action_flag": 2,
        "change_message": "[{\"changed\": {\"fields\": [\"\\u041d\\u0430\\u0437\\u0432\\u0430\\u043d\\u0438\\u0435 \\u0441\\u043e\\u0431\\u044b\\u0442\\u0438\\u044f\", \"\\u0421\\u0442\\u043e\\u0438\\u043c\\u043e\\u0441\\u0442\\u044c\"]}}]"
    }
},
{
    "model": "admin.logentry",
    "pk": 69,
    "fields": {
        "action_time": "2026-07-04T08:31:45.373Z",
        "user": 1,
        "content_type": 1,
        "object_id": "8",
        "object_repr": "Выставка «Сибирский соловей – Пётр Словцов»",
        "action_flag": 1,
        "change_message": "[{\"added\": {}}]"
    }
},
{
    "model": "admin.logentry",
    "pk": 70,
    "fields": {
        "action_time": "2026-07-04T09:17:26.105Z",
        "user": 1,
        "content_type": 4,
        "object_id": "2",
        "object_repr": "Часовня Святой Великомученицы Параскевы Пятницы",
        "action_flag": 2,
        "change_message": "[{\"changed\": {\"fields\": [\"\\u0421\\u0442\\u043e\\u0438\\u043c\\u043e\\u0441\\u0442\\u044c\", \"\\u0422\\u0435\\u043b\\u0435\\u0444\\u043e\\u043d\"]}}]"
    }
},
{
    "model": "admin.logentry",
    "pk": 71,
    "fields": {
        "action_time": "2026-07-04T14:11:49.586Z",
        "user": 1,
        "content_type": 4,
        "object_id": "21",
        "object_repr": "Красноярский драматический театр им. А. С. Пушкина",
        "action_flag": 2,
        "change_message": "[{\"changed\": {\"fields\": [\"\\u0428\\u0438\\u0440\\u043e\\u0442\\u0430\", \"\\u0414\\u043e\\u043b\\u0433\\u043e\\u0442\\u0430\"]}}]"
    }
},
{
    "model": "admin.logentry",
    "pk": 72,
    "fields": {
        "action_time": "2026-07-04T14:12:50.454Z",
        "user": 1,
        "content_type": 4,
        "object_id": "20",
        "object_repr": "Проспект Мира",
        "action_flag": 2,
        "change_message": "[{\"changed\": {\"fields\": [\"\\u0428\\u0438\\u0440\\u043e\\u0442\\u0430\", \"\\u0414\\u043e\\u043b\\u0433\\u043e\\u0442\\u0430\"]}}]"
    }
},
{
    "model": "admin.logentry",
    "pk": 73,
    "fields": {
        "action_time": "2026-07-04T14:13:16.954Z",
        "user": 1,
        "content_type": 4,
        "object_id": "19",
        "object_repr": "Красноярская краевая филармония",
        "action_flag": 2,
        "change_message": "[{\"changed\": {\"fields\": [\"\\u0428\\u0438\\u0440\\u043e\\u0442\\u0430\", \"\\u0414\\u043e\\u043b\\u0433\\u043e\\u0442\\u0430\"]}}]"
    }
},
{
    "model": "admin.logentry",
    "pk": 74,
    "fields": {
        "action_time": "2026-07-04T14:13:58.663Z",
        "user": 1,
        "content_type": 4,
        "object_id": "18",
        "object_repr": "Красноярский Биг-Бен",
        "action_flag": 2,
        "change_message": "[{\"changed\": {\"fields\": [\"\\u0428\\u0438\\u0440\\u043e\\u0442\\u0430\", \"\\u0414\\u043e\\u043b\\u0433\\u043e\\u0442\\u0430\"]}}]"
    }
},
{
    "model": "admin.logentry",
    "pk": 75,
    "fields": {
        "action_time": "2026-07-04T14:14:23.785Z",
        "user": 1,
        "content_type": 4,
        "object_id": "17",
        "object_repr": "Красноярский краевой краеведческий музей",
        "action_flag": 2,
        "change_message": "[{\"changed\": {\"fields\": [\"\\u0428\\u0438\\u0440\\u043e\\u0442\\u0430\", \"\\u0414\\u043e\\u043b\\u0433\\u043e\\u0442\\u0430\"]}}]"
    }
},
{
    "model": "admin.logentry",
    "pk": 76,
    "fields": {
        "action_time": "2026-07-04T14:14:57.822Z",
        "user": 1,
        "content_type": 4,
        "object_id": "16",
        "object_repr": "Фанпарк «Бобровый лог»",
        "action_flag": 2,
        "change_message": "[{\"changed\": {\"fields\": [\"\\u0428\\u0438\\u0440\\u043e\\u0442\\u0430\", \"\\u0414\\u043e\\u043b\\u0433\\u043e\\u0442\\u0430\"]}}]"
    }
},
{
    "model": "admin.logentry",
    "pk": 77,
    "fields": {
        "action_time": "2026-07-04T14:15:26.328Z",
        "user": 1,
        "content_type": 4,
        "object_id": "15",
        "object_repr": "Экопарк Гремячая грива",
        "action_flag": 2,
        "change_message": "[{\"changed\": {\"fields\": [\"\\u0428\\u0438\\u0440\\u043e\\u0442\\u0430\", \"\\u0414\\u043e\\u043b\\u0433\\u043e\\u0442\\u0430\"]}}]"
    }
},
{
    "model": "admin.logentry",
    "pk": 78,
    "fields": {
        "action_time": "2026-07-04T14:16:05.852Z",
        "user": 1,
        "content_type": 4,
        "object_id": "14",
        "object_repr": "Национальный парк «Красноярские Столбы»",
        "action_flag": 2,
        "change_message": "[{\"changed\": {\"fields\": [\"\\u0428\\u0438\\u0440\\u043e\\u0442\\u0430\", \"\\u0414\\u043e\\u043b\\u0433\\u043e\\u0442\\u0430\"]}}]"
    }
},
{
    "model": "admin.logentry",
    "pk": 79,
    "fields": {
        "action_time": "2026-07-04T14:16:36.561Z",
        "user": 1,
        "content_type": 4,
        "object_id": "13",
        "object_repr": "Свято-Троицкий собор",
        "action_flag": 2,
        "change_message": "[{\"changed\": {\"fields\": [\"\\u0428\\u0438\\u0440\\u043e\\u0442\\u0430\", \"\\u0414\\u043e\\u043b\\u0433\\u043e\\u0442\\u0430\"]}}]"
    }
},
{
    "model": "admin.logentry",
    "pk": 80,
    "fields": {
        "action_time": "2026-07-04T14:17:02.333Z",
        "user": 1,
        "content_type": 4,
        "object_id": "12",
        "object_repr": "Благовещенский женский монастырь",
        "action_flag": 2,
        "change_message": "[{\"changed\": {\"fields\": [\"\\u0428\\u0438\\u0440\\u043e\\u0442\\u0430\", \"\\u0414\\u043e\\u043b\\u0433\\u043e\\u0442\\u0430\"]}}]"
    }
},
{
    "model": "admin.logentry",
    "pk": 81,
    "fields": {
        "action_time": "2026-07-04T14:17:35.187Z",
        "user": 1,
        "content_type": 4,
        "object_id": "11",
        "object_repr": "Кафедральный собор Покрова Пресвятой Богородицы",
        "action_flag": 2,
        "change_message": "[{\"changed\": {\"fields\": [\"\\u0428\\u0438\\u0440\\u043e\\u0442\\u0430\", \"\\u0414\\u043e\\u043b\\u0433\\u043e\\u0442\\u0430\"]}}]"
    }
},
{
    "model": "admin.logentry",
    "pk": 82,
    "fields": {
        "action_time": "2026-07-04T14:18:06.006Z",
        "user": 1,
        "content_type": 4,
        "object_id": "10",
        "object_repr": "Храм Преображения Господня (Органный зал)",
        "action_flag": 2,
        "change_message": "[{\"changed\": {\"fields\": [\"\\u0428\\u0438\\u0440\\u043e\\u0442\\u0430\", \"\\u0414\\u043e\\u043b\\u0433\\u043e\\u0442\\u0430\"]}}]"
    }
},
{
    "model": "admin.logentry",
    "pk": 83,
    "fields": {
        "action_time": "2026-07-04T14:19:31.379Z",
        "user": 1,
        "content_type": 4,
        "object_id": "2",
        "object_repr": "Часовня Святой Великомученицы Параскевы Пятницы",
        "action_flag": 2,
        "change_message": "[{\"changed\": {\"fields\": [\"\\u0428\\u0438\\u0440\\u043e\\u0442\\u0430\", \"\\u0414\\u043e\\u043b\\u0433\\u043e\\u0442\\u0430\"]}}]"
    }
},
{
    "model": "admin.logentry",
    "pk": 84,
    "fields": {
        "action_time": "2026-07-04T14:19:41.518Z",
        "user": 1,
        "content_type": 4,
        "object_id": "3",
        "object_repr": "Парк флоры и фауны «Роев ручей»",
        "action_flag": 2,
        "change_message": "[]"
    }
},
{
    "model": "admin.logentry",
    "pk": 85,
    "fields": {
        "action_time": "2026-07-04T14:19:46.603Z",
        "user": 1,
        "content_type": 4,
        "object_id": "4",
        "object_repr": "Красноярский театр оперы и балета им. Д. А. Хворостовского",
        "action_flag": 2,
        "change_message": "[]"
    }
},
{
    "model": "admin.logentry",
    "pk": 86,
    "fields": {
        "action_time": "2026-07-04T14:20:22.639Z",
        "user": 1,
        "content_type": 4,
        "object_id": "5",
        "object_repr": "Татышев-парк",
        "action_flag": 2,
        "change_message": "[{\"changed\": {\"fields\": [\"\\u0428\\u0438\\u0440\\u043e\\u0442\\u0430\", \"\\u0414\\u043e\\u043b\\u0433\\u043e\\u0442\\u0430\"]}}]"
    }
},
{
    "model": "admin.logentry",
    "pk": 87,
    "fields": {
        "action_time": "2026-07-04T14:20:28.218Z",
        "user": 1,
        "content_type": 4,
        "object_id": "6",
        "object_repr": "Визит-центр «Серебряный лог»",
        "action_flag": 2,
        "change_message": "[]"
    }
},
{
    "model": "admin.logentry",
    "pk": 88,
    "fields": {
        "action_time": "2026-07-04T14:21:07.275Z",
        "user": 1,
        "content_type": 4,
        "object_id": "7",
        "object_repr": "Визит-центр на стадионе «Динамо»",
        "action_flag": 2,
        "change_message": "[{\"changed\": {\"fields\": [\"\\u0428\\u0438\\u0440\\u043e\\u0442\\u0430\", \"\\u0414\\u043e\\u043b\\u0433\\u043e\\u0442\\u0430\"]}}]"
    }
},
{
    "model": "admin.logentry",
    "pk": 89,
    "fields": {
        "action_time": "2026-07-04T14:21:41.004Z",
        "user": 1,
        "content_type": 4,
        "object_id": "8",
        "object_repr": "Визит-центр у Восточного входа на Столбы",
        "action_flag": 2,
        "change_message": "[{\"changed\": {\"fields\": [\"\\u0428\\u0438\\u0440\\u043e\\u0442\\u0430\", \"\\u0414\\u043e\\u043b\\u0433\\u043e\\u0442\\u0430\"]}}]"
    }
},
{
    "model": "admin.logentry",
    "pk": 90,
    "fields": {
        "action_time": "2026-07-04T14:23:17.525Z",
        "user": 1,
        "content_type": 4,
        "object_id": "9",
        "object_repr": "Визит-центр на Караульной горе",
        "action_flag": 2,
        "change_message": "[{\"changed\": {\"fields\": [\"\\u0428\\u0438\\u0440\\u043e\\u0442\\u0430\", \"\\u0414\\u043e\\u043b\\u0433\\u043e\\u0442\\u0430\"]}}]"
    }
},
{
    "model": "admin.logentry",
    "pk": 91,
    "fields": {
        "action_time": "2026-07-04T14:23:50.235Z",
        "user": 1,
        "content_type": 4,
        "object_id": "10",
        "object_repr": "Храм Преображения Господня (Органный зал)",
        "action_flag": 2,
        "change_message": "[{\"changed\": {\"fields\": [\"\\u0428\\u0438\\u0440\\u043e\\u0442\\u0430\", \"\\u0414\\u043e\\u043b\\u0433\\u043e\\u0442\\u0430\"]}}]"
    }
},
{
    "model": "admin.logentry",
    "pk": 92,
    "fields": {
        "action_time": "2026-07-04T14:24:20.394Z",
        "user": 1,
        "content_type": 4,
        "object_id": "11",
        "object_repr": "Кафедральный собор Покрова Пресвятой Богородицы",
        "action_flag": 2,
        "change_message": "[{\"changed\": {\"fields\": [\"\\u0428\\u0438\\u0440\\u043e\\u0442\\u0430\", \"\\u0414\\u043e\\u043b\\u0433\\u043e\\u0442\\u0430\"]}}]"
    }
},
{
    "model": "admin.logentry",
    "pk": 93,
    "fields": {
        "action_time": "2026-07-04T14:26:43.348Z",
        "user": 1,
        "content_type": 4,
        "object_id": "9",
        "object_repr": "Визит-центр на Караульной горе",
        "action_flag": 2,
        "change_message": "[{\"changed\": {\"fields\": [\"\\u0428\\u0438\\u0440\\u043e\\u0442\\u0430\", \"\\u0414\\u043e\\u043b\\u0433\\u043e\\u0442\\u0430\"]}}]"
    }
},
{
    "model": "auth.permission",
    "pk": 1,
    "fields": {
        "name": "Can add Событие",
        "content_type": 1,
        "codename": "add_event"
    }
},
{
    "model": "auth.permission",
    "pk": 2,
    "fields": {
        "name": "Can change Событие",
        "content_type": 1,
        "codename": "change_event"
    }
},
{
    "model": "auth.permission",
    "pk": 3,
    "fields": {
        "name": "Can delete Событие",
        "content_type": 1,
        "codename": "delete_event"
    }
},
{
    "model": "auth.permission",
    "pk": 4,
    "fields": {
        "name": "Can view Событие",
        "content_type": 1,
        "codename": "view_event"
    }
},
{
    "model": "auth.permission",
    "pk": 5,
    "fields": {
        "name": "Can add Заметка",
        "content_type": 2,
        "codename": "add_note"
    }
},
{
    "model": "auth.permission",
    "pk": 6,
    "fields": {
        "name": "Can change Заметка",
        "content_type": 2,
        "codename": "change_note"
    }
},
{
    "model": "auth.permission",
    "pk": 7,
    "fields": {
        "name": "Can delete Заметка",
        "content_type": 2,
        "codename": "delete_note"
    }
},
{
    "model": "auth.permission",
    "pk": 8,
    "fields": {
        "name": "Can view Заметка",
        "content_type": 2,
        "codename": "view_note"
    }
},
{
    "model": "auth.permission",
    "pk": 9,
    "fields": {
        "name": "Can add Профиль",
        "content_type": 3,
        "codename": "add_profile"
    }
},
{
    "model": "auth.permission",
    "pk": 10,
    "fields": {
        "name": "Can change Профиль",
        "content_type": 3,
        "codename": "change_profile"
    }
},
{
    "model": "auth.permission",
    "pk": 11,
    "fields": {
        "name": "Can delete Профиль",
        "content_type": 3,
        "codename": "delete_profile"
    }
},
{
    "model": "auth.permission",
    "pk": 12,
    "fields": {
        "name": "Can view Профиль",
        "content_type": 3,
        "codename": "view_profile"
    }
},
{
    "model": "auth.permission",
    "pk": 13,
    "fields": {
        "name": "Can add Место",
        "content_type": 4,
        "codename": "add_guideplace"
    }
},
{
    "model": "auth.permission",
    "pk": 14,
    "fields": {
        "name": "Can change Место",
        "content_type": 4,
        "codename": "change_guideplace"
    }
},
{
    "model": "auth.permission",
    "pk": 15,
    "fields": {
        "name": "Can delete Место",
        "content_type": 4,
        "codename": "delete_guideplace"
    }
},
{
    "model": "auth.permission",
    "pk": 16,
    "fields": {
        "name": "Can view Место",
        "content_type": 4,
        "codename": "view_guideplace"
    }
},
{
    "model": "auth.permission",
    "pk": 17,
    "fields": {
        "name": "Can add Избранное",
        "content_type": 5,
        "codename": "add_favorite"
    }
},
{
    "model": "auth.permission",
    "pk": 18,
    "fields": {
        "name": "Can change Избранное",
        "content_type": 5,
        "codename": "change_favorite"
    }
},
{
    "model": "auth.permission",
    "pk": 19,
    "fields": {
        "name": "Can delete Избранное",
        "content_type": 5,
        "codename": "delete_favorite"
    }
},
{
    "model": "auth.permission",
    "pk": 20,
    "fields": {
        "name": "Can view Избранное",
        "content_type": 5,
        "codename": "view_favorite"
    }
},
{
    "model": "auth.permission",
    "pk": 21,
    "fields": {
        "name": "Can add tour",
        "content_type": 6,
        "codename": "add_tour"
    }
},
{
    "model": "auth.permission",
    "pk": 22,
    "fields": {
        "name": "Can change tour",
        "content_type": 6,
        "codename": "change_tour"
    }
},
{
    "model": "auth.permission",
    "pk": 23,
    "fields": {
        "name": "Can delete tour",
        "content_type": 6,
        "codename": "delete_tour"
    }
},
{
    "model": "auth.permission",
    "pk": 24,
    "fields": {
        "name": "Can view tour",
        "content_type": 6,
        "codename": "view_tour"
    }
},
{
    "model": "auth.permission",
    "pk": 25,
    "fields": {
        "name": "Can add tour place",
        "content_type": 7,
        "codename": "add_tourplace"
    }
},
{
    "model": "auth.permission",
    "pk": 26,
    "fields": {
        "name": "Can change tour place",
        "content_type": 7,
        "codename": "change_tourplace"
    }
},
{
    "model": "auth.permission",
    "pk": 27,
    "fields": {
        "name": "Can delete tour place",
        "content_type": 7,
        "codename": "delete_tourplace"
    }
},
{
    "model": "auth.permission",
    "pk": 28,
    "fields": {
        "name": "Can view tour place",
        "content_type": 7,
        "codename": "view_tourplace"
    }
},
{
    "model": "auth.permission",
    "pk": 29,
    "fields": {
        "name": "Can add log entry",
        "content_type": 8,
        "codename": "add_logentry"
    }
},
{
    "model": "auth.permission",
    "pk": 30,
    "fields": {
        "name": "Can change log entry",
        "content_type": 8,
        "codename": "change_logentry"
    }
},
{
    "model": "auth.permission",
    "pk": 31,
    "fields": {
        "name": "Can delete log entry",
        "content_type": 8,
        "codename": "delete_logentry"
    }
},
{
    "model": "auth.permission",
    "pk": 32,
    "fields": {
        "name": "Can view log entry",
        "content_type": 8,
        "codename": "view_logentry"
    }
},
{
    "model": "auth.permission",
    "pk": 33,
    "fields": {
        "name": "Can add permission",
        "content_type": 10,
        "codename": "add_permission"
    }
},
{
    "model": "auth.permission",
    "pk": 34,
    "fields": {
        "name": "Can change permission",
        "content_type": 10,
        "codename": "change_permission"
    }
},
{
    "model": "auth.permission",
    "pk": 35,
    "fields": {
        "name": "Can delete permission",
        "content_type": 10,
        "codename": "delete_permission"
    }
},
{
    "model": "auth.permission",
    "pk": 36,
    "fields": {
        "name": "Can view permission",
        "content_type": 10,
        "codename": "view_permission"
    }
},
{
    "model": "auth.permission",
    "pk": 37,
    "fields": {
        "name": "Can add group",
        "content_type": 9,
        "codename": "add_group"
    }
},
{
    "model": "auth.permission",
    "pk": 38,
    "fields": {
        "name": "Can change group",
        "content_type": 9,
        "codename": "change_group"
    }
},
{
    "model": "auth.permission",
    "pk": 39,
    "fields": {
        "name": "Can delete group",
        "content_type": 9,
        "codename": "delete_group"
    }
},
{
    "model": "auth.permission",
    "pk": 40,
    "fields": {
        "name": "Can view group",
        "content_type": 9,
        "codename": "view_group"
    }
},
{
    "model": "auth.permission",
    "pk": 41,
    "fields": {
        "name": "Can add user",
        "content_type": 11,
        "codename": "add_user"
    }
},
{
    "model": "auth.permission",
    "pk": 42,
    "fields": {
        "name": "Can change user",
        "content_type": 11,
        "codename": "change_user"
    }
},
{
    "model": "auth.permission",
    "pk": 43,
    "fields": {
        "name": "Can delete user",
        "content_type": 11,
        "codename": "delete_user"
    }
},
{
    "model": "auth.permission",
    "pk": 44,
    "fields": {
        "name": "Can view user",
        "content_type": 11,
        "codename": "view_user"
    }
},
{
    "model": "auth.permission",
    "pk": 45,
    "fields": {
        "name": "Can add content type",
        "content_type": 12,
        "codename": "add_contenttype"
    }
},
{
    "model": "auth.permission",
    "pk": 46,
    "fields": {
        "name": "Can change content type",
        "content_type": 12,
        "codename": "change_contenttype"
    }
},
{
    "model": "auth.permission",
    "pk": 47,
    "fields": {
        "name": "Can delete content type",
        "content_type": 12,
        "codename": "delete_contenttype"
    }
},
{
    "model": "auth.permission",
    "pk": 48,
    "fields": {
        "name": "Can view content type",
        "content_type": 12,
        "codename": "view_contenttype"
    }
},
{
    "model": "auth.permission",
    "pk": 49,
    "fields": {
        "name": "Can add session",
        "content_type": 13,
        "codename": "add_session"
    }
},
{
    "model": "auth.permission",
    "pk": 50,
    "fields": {
        "name": "Can change session",
        "content_type": 13,
        "codename": "change_session"
    }
},
{
    "model": "auth.permission",
    "pk": 51,
    "fields": {
        "name": "Can delete session",
        "content_type": 13,
        "codename": "delete_session"
    }
},
{
    "model": "auth.permission",
    "pk": 52,
    "fields": {
        "name": "Can view session",
        "content_type": 13,
        "codename": "view_session"
    }
},
{
    "model": "auth.user",
    "pk": 1,
    "fields": {
        "password": "pbkdf2_sha256$1200000$eAvb7lN2BiT3WCacu2nWNo$ttBXJ6+aO32XLmLSvNXgajkCt301LHOrBE713CD3y10=",
        "last_login": "2026-07-05T02:47:27.818Z",
        "is_superuser": true,
        "username": "Admin",
        "first_name": "",
        "last_name": "",
        "email": "ad4@mail.ru",
        "is_staff": true,
        "is_active": true,
        "date_joined": "2026-05-18T13:35:17.169Z",
        "groups": [],
        "user_permissions": []
    }
},
{
    "model": "auth.user",
    "pk": 2,
    "fields": {
        "password": "pbkdf2_sha256$1200000$r6ek6ntv5o2LM7LjULagfp$3BgSevCkTIA/gsUcU1GkYDslqhEHOR4ya8249VzcGBY=",
        "last_login": "2026-05-26T03:20:48.943Z",
        "is_superuser": false,
        "username": "Boba",
        "first_name": "",
        "last_name": "",
        "email": "tcf444@mail.ru",
        "is_staff": false,
        "is_active": true,
        "date_joined": "2026-05-18T13:38:25.211Z",
        "groups": [],
        "user_permissions": []
    }
},
{
    "model": "auth.user",
    "pk": 3,
    "fields": {
        "password": "pbkdf2_sha256$1200000$lPWvVvZsOUZ7LFfmSWaANH$9Uh+Bz00QF8tqhEkPqgn1oqtkCtythQYfHftCj+EFAY=",
        "last_login": "2026-05-19T17:19:18.999Z",
        "is_superuser": true,
        "username": "Toothless",
        "first_name": "",
        "last_name": "",
        "email": "Toothless@mail.ru",
        "is_staff": true,
        "is_active": true,
        "date_joined": "2026-05-19T17:14:55.962Z",
        "groups": [],
        "user_permissions": []
    }
},
{
    "model": "auth.user",
    "pk": 4,
    "fields": {
        "password": "pbkdf2_sha256$1200000$ngxWTQ91cejPP8sEqjNhNL$NxI6g9WXk6gd5hNW0RDBpp4rrbm15pnpZR8VwLx4ANE=",
        "last_login": "2026-07-04T10:20:43.963Z",
        "is_superuser": false,
        "username": "Вова",
        "first_name": "",
        "last_name": "",
        "email": "yukio123@mail.ru",
        "is_staff": false,
        "is_active": true,
        "date_joined": "2026-07-04T10:20:38.878Z",
        "groups": [],
        "user_permissions": []
    }
},
{
    "model": "auth.user",
    "pk": 5,
    "fields": {
        "password": "pbkdf2_sha256$1200000$3t7mmw0WIyG65lZLNLWwlw$aLVrO7RLgBvwqc2fjdK6W2aJaGfhji1x0U6uYfdS6aI=",
        "last_login": null,
        "is_superuser": true,
        "username": "admin",
        "first_name": "",
        "last_name": "",
        "email": "admin@example.com",
        "is_staff": true,
        "is_active": true,
        "date_joined": "2026-07-04T19:01:43.979Z",
        "groups": [],
        "user_permissions": []
    }
},
{
    "model": "contenttypes.contenttype",
    "pk": 1,
    "fields": {
        "app_label": "events",
        "model": "event"
    }
},
{
    "model": "contenttypes.contenttype",
    "pk": 2,
    "fields": {
        "app_label": "users",
        "model": "note"
    }
},
{
    "model": "contenttypes.contenttype",
    "pk": 3,
    "fields": {
        "app_label": "users",
        "model": "profile"
    }
},
{
    "model": "contenttypes.contenttype",
    "pk": 4,
    "fields": {
        "app_label": "guide",
        "model": "guideplace"
    }
},
{
    "model": "contenttypes.contenttype",
    "pk": 5,
    "fields": {
        "app_label": "favorites",
        "model": "favorite"
    }
},
{
    "model": "contenttypes.contenttype",
    "pk": 6,
    "fields": {
        "app_label": "tours",
        "model": "tour"
    }
},
{
    "model": "contenttypes.contenttype",
    "pk": 7,
    "fields": {
        "app_label": "tours",
        "model": "tourplace"
    }
},
{
    "model": "contenttypes.contenttype",
    "pk": 8,
    "fields": {
        "app_label": "admin",
        "model": "logentry"
    }
},
{
    "model": "contenttypes.contenttype",
    "pk": 9,
    "fields": {
        "app_label": "auth",
        "model": "group"
    }
},
{
    "model": "contenttypes.contenttype",
    "pk": 10,
    "fields": {
        "app_label": "auth",
        "model": "permission"
    }
},
{
    "model": "contenttypes.contenttype",
    "pk": 11,
    "fields": {
        "app_label": "auth",
        "model": "user"
    }
},
{
    "model": "contenttypes.contenttype",
    "pk": 12,
    "fields": {
        "app_label": "contenttypes",
        "model": "contenttype"
    }
},
{
    "model": "contenttypes.contenttype",
    "pk": 13,
    "fields": {
        "app_label": "sessions",
        "model": "session"
    }
},
{
    "model": "sessions.session",
    "pk": "7a3don24ogxrwv0m8rk53bz4qddojkli",
    "fields": {
        "session_data": ".eJxVjDsOwjAQBe_iGln-rPyhpOcMlne9xgHkSHFSIe4OkVJA-2bmvUTK29rSNnhJUxFnocXpd8NMD-47KPfcb7Okua_LhHJX5EGHvM6Fn5fD_TtoebRvbUKxwTIZ5EygNFD1CGRC9RDBRu2c9VmRrqCQqUayyEFBtMZBRBLvD-SkN9I:1wgCtD:W5hQzhcC9dB1qxPxwdylSJ0pUIowYOKdNcMCGHnuc40",
        "expire_date": "2026-07-19T02:47:27.824Z"
    }
},
{
    "model": "sessions.session",
    "pk": "9eo0jv0g8rxvpy4j47getfybuowu2j02",
    "fields": {
        "session_data": ".eJxVjDEOgzAQBP_iOrIMhsNQps8bLPtuCSQRlrCpovw9IFEk7c7svJUPW5n8lrH6WdSganX53WLgJ5YDyCMs96Q5LWWdoz4UfdKsb0nwup7uX2AKedrfVogNLKSqK0uBqbVRSMbIjrhp-pGCg-miqeHEAX0LMSG2JIBtXLdHM17gAvElbasaqu7zBXhqP1A:1wRsFM:6WTNcEBe4bFbkNI9EZcRrekyLCv060f-S7Aglk9HUIM",
        "expire_date": "2026-06-09T13:55:04.189Z"
    }
}
]
